ID,Name
359227282,Create Amazon Developer Accounts
2185008746,Create Google Developer Account
2185008746,Create Apple Developer Accounts
360624647,Introducing Template Designer
360624647,Targeted Banners: Per Section or Feed
360624647,Add Video Content
360624647,Feed Builder 101
360624647,Content Access
360624647,Sections 101
360624647,TV Platform Asset Specs
360624647,Getting Started: Endpoints and Endpoint Setup
360624647,Getting Started: Banners
360624647,Getting Started: Media Manager
360624647,Banners, Sponsor Screens, In-App Purchases
360624647,Adding a Section
360624647,Getting Started: Analytics Panel 
360624647,Getting Started: Notification Wizard
360624647,Getting Started: Ad Center
360624647,TV Platform Asset Specs
360624647,Getting Started: Experience Creator
360624647,Getting Started: Endpoints and Endpoint Setup
2185008746,Mobile/Tablet Asset Specs
2185008746,Creating Subscriptions
2185008746,Setting up a Google Tracking ID 
2185008746,Getting Started: Endpoints and Endpoint Setup
2185008746,Phoenix Viewer App: Simulator
360624647,PDF Link Recognition
360624647,MAZ PDF App Info
360624647,Creating a New App on MAZ Control
360624647,Adding a PDF
